{
  "body": {
    "dynamic": true,
    "gravity": true,
    "mass": 0.22,
    "position": [
      0.42,
      0.07,
      -0.57
    ],
    "rpy_deg": [
      -90.0,
      0.0,
      0.0
    ]
  },
  "collision": {
    "friction": 0.45,
    "height": 0.09480000287294388,
    "radius": 0.031700000166893005,
    "type": "cylinder"
  },
  "format": "newton_dynamic_bottle_v1",
  "visual": {
    "collision_enabled": false,
    "fit_margin": -0.001,
    "local_position": [
      0.0,
      -0.0033464189618825973,
      -0.09642929112305865
    ],
    "local_quat_xyzw": [
      0.7071067811865475,
      0.0,
      0.0,
      0.7071067811865476
    ],
    "type": "glb"
  },
  "visual_glb": "../assets/bottle.glb"
}
